{"cameraMode":{"drawMode":0,"name":"Shaded","section":"Shading Mode"},"sceneLighting":true,"audioPlay":false,"sceneViewState":{"showFog":true,"showMaterialUpdate":false,"showSkybox":true,"showFlares":true,"showImageEffects":true,"showParticleSystems":true},"in2DMode":false,"pivot":{"x":52.22473907470703,"y":18.43775177001953,"z":305.2474365234375},"rotation":{"x":-0.3364456593990326,"y":0.32023388147354128,"z":-0.12284834682941437,"w":-0.8770192861557007},"size":2406.582275390625,"orthographic":false}